id,content,source,timestamp
doc_0_0,å¨å½è±ç«ç«¶æå¤§ä¼ãå¤§æ²ã®è±ç«ããªãã£ã·ã£ã«ãµã¤ãï½å¤§æ²åå·¥ä¼è­°æå¨å½è±ç«ç«¶æå¤§ä¼ | å¤§æ²ã®è±ç«è¦³è¦§å¸­ãã±ããã«ã¤ãã¦|å¤§æ²åå·¥ä¼è­°æ|æ³¨æäºé|å®¿æ³æå ±|äº¤éã¢ã¯ã»ã¹æå ±æå­ã®ãµã¤ãºï¼å°ä¸­å¤§æ¡æ·å¸­ãã±ããæ¡åå¤§æ²ã®è±ç«ã«ã¤ãã¦äº¤éã¢ã¯ã»ã¹ä¼å ´æ¡åã»å¨è¾ºãããã8ææçµåææ¥ï¼2025.8.30éå¬ã¾ã§ãã¨æ¥ãç¥ããæ´æ°æå ±ç¬¬97åå¨å½è±ç«ç«¶æå¤§ä¼ãåºåæ¥­èï¼æä¸é ï¼ãã«ã¤ãã¦åºåæ¥­èï¼æä¸é ï¼ã¯ãã¡ãï¼ä»¤å7å¹´5æ21æ¥ï¼æ°ä½è±ç«ã³ã¬ã¯ã·ã§ã³2025ã®å¯©æ»çµæã«ã¤ãã¦æ°ä½è±ç«ã³ã¬ã¯ã·ã§ã³ã®å¯©æ»çµæãæ²è¼ãã¾ããã®ã§ãè¦§ãã ããå¯©æ»çµæã¯ãã¡ãï¼ä»¤å7å¹´4æ27æ¥ï¼ã¢ããªã¢ãããã¼ãã®ãç¥ãããå¤§æ²ã®è±ç« ããããå¿«é©ã«ãå©ç¨ããã ãããã2025å¹´4æ25æ¥ã«ã¢ããªã®ã¢ãããã¼ããè¡ãã¾ããããææ°ãããããã,https://www.oomagari-hanabi.com/index.html,
doc_0_1,ãã¾ãããææ°ãã¼ã¸ã§ã³ã®ã¢ããªããå©ç¨ããã ãã¾ããããé¡ããããã¾ããâ æä¾éå§æ¥æã2025å¹´4æ25æ¥ï¼éï¼åå10:00ï½â ã¢ãããã¼ãåå®¹ï¼Androidçï¼iOSçï¼ã»ãã¼ã¿ã¢ããã­ã¼ãæä¹åã»åæè¨­å®æ¹æ³ã®è¿½åâ ãã¦ã³ã­ã¼ã æ¹æ³ä»¥ä¸ã®ãªã³ã¯ããææ°çã®ãã¦ã³ã­ã¼ããå¯è½ã§ã(Android ç)ããå©ç¨ã®æ¹ã¯ãã¡ã(iOSç)ããå©ç¨ã®æ¹ã¯ãã¡ãï¼ä»¤å7å¹´4æ25æ¥ï¼ãå¤§æ²ã®è±ç«ããå¤§éªã»é¢è¥¿ä¸åãJAPAN FIREWORKS EXPOãã«åå æ±ºå®ããJAPAN FIREWORKS EXPOãã¯ãå¤§éªã»é¢è¥¿ä¸åã®æéä¸­ã«è¡ãããç¹å¥ã¤ãã³ãã§ãæ¯æï¼åãæ¥æ¬åå°ã®ä»£è¡¨çãªè±ç«å¤§ä¼ã®è±ç«ãæã¡ä¸ãããã¾ãã6æ28æ¥ï¼åï¼ã«ãå¤§æ²ã®è±ç«ããæã¡ä¸ãã¾ããæä¸æéã¯å®å¨ä¸ã®è¦³ç¹ããéå¬éã¨ããã¦ããã ãã¾ããâ»è©³ç´°ã«é¢ãã¦ã¯ä¸è¨URLãããç¢ºèªãã ãããhttps,https://www.oomagari-hanabi.com/index.html,
doc_0_2,://prtimes.jp/main/html/rd/p/000000008.000159389.htmlï¼ä»¤å7å¹´4æ2æ¥ï¼ç¬¬97åå¨å½è±ç«ç«¶æå¤§ä¼ãè¦³è¦§å¸­æå ±ãæ²è¼ãããã¾ããããæè¡æ¥­èåããhttps://www.oomagari-hanabi.com/ticket.htmlãä¸è¬ã®æ¹åããhttps://www.oomagari-hanabi.com/ticket_02.htmlâ»è©³ç´°ãªã©æ±ºã¾ãæ¬¡ç¬¬éææ²è¼ãããã¾ããï¼ä»¤å7å¹´1æ30æ¥ï¼æ´æ°æå ±è¦³è¦§å¸­ãã±ããã®è³¼å¥|å¤§æ²ã®è±ç«ã«ã¤ãã¦|äº¤éã¢ã¯ã»ã¹|ä¼å ´æ¡åã»å¨è¾ºããã|å®¿æ³æå ±äº¤éè¦å¶å³ãã¦ã³ã­ã¼ã|æ³¨æäºé|å¤§æ²åå·¥ä¼è­°æ|å¤§æ²åå·¥ä¼è­°æãã014-0027ãç§ç°çå¤§ä»å¸å¤§æ²éçºï¼çªï¼ï¼å·    TEL:0187-88-8073ãååãã¡ã¼ã«ã¢ãã¬ã¹: creative-fw@omagari-hanabi.comCopyright ©  Omagari Entrepreneurs Group. All Rights Reserved.,https://www.oomagari-hanabi.com/index.html,
doc_1_0,å¨å½è±ç«ç«¶æå¤§ä¼ãå¤§æ²ã®è±ç«ããªãã£ã·ã£ã«ãµã¤ãï½å¤§æ²åå·¥ä¼è­°æå¨å½è±ç«ç«¶æå¤§ä¼ | å¤§æ²ã®è±ç«è¦³è¦§å¸­ãã±ããã«ã¤ãã¦|å¤§æ²åå·¥ä¼è­°æ|æ³¨æäºé|å®¿æ³æå ±|äº¤éã¢ã¯ã»ã¹æå ±æå­ã®ãµã¤ãºï¼å°ä¸­å¤§è¦³è¦§å¸­ãã±ããæ¡åå¤§æ²ã®è±ç«ã«ã¤ãã¦äº¤éã¢ã¯ã»ã¹ä¼å ´æ¡åã»å¨è¾ºããããã¼ã> å¤§æ²ã®è±ç«ã«ã¤ãã¦å¤§æ²ã®è±ç«ã®æ­´å²è±ç«ç«¶æå¤§ä¼ã®ç¨®ç®æã¡ä¸ãå ´æã»å½æ¥ã®æ§å­å¤§æ²ã®è±ç«ã®æ­´å²ææ²»43å¹´ï¼1910ï¼å¤§æ²ã®è±ç«ç«¶æå¤§ä¼éå§æ­å39å¹´ï¼1964ï¼å¤§æ²ã®è±ç«éç£å¤§è£è³ä¾ä¸ãåµé è±ç«ç«¶æå¤§ä¼éå§æ­å54å¹´ï¼1979ï¼è¥¿ãã¤ãé£é¦ãã³å¸ããã®è¦è«ã§ãæ¥ç¬è¦ªåè±ç«ãæã¡ä¸ãæ­å58å¹´ï¼1983ï¼è¥¿ãã¤ãé£é¦ã¸ã¥ãã»ã«ãã«ãå¸ã§ãæ¥æ¬é±éãã®ä¸ç°ã§ãå¤§æ²ã®è±ç«ãæã¡ä¸ãæ­å62å¹´ï¼1987ï¼è¥¿ãã«ãªã³å¸å¶750å¨å¹´ã®è¨å¿µè±ç«æã¡ä¸ãæ­å62å¹´ï¼1987ï¼è¥,https://www.oomagari-hanabi.com/hanabi.html,
doc_1_1,¿ãã¤ãé£é¦ã¸ã¥ãã»ã«ãã«ãå¸ã§ååº¦æã¡ä¸ãå¹³æ  2å¹´ï¼1990ï¼ãä¸çã®è±ç«å¸«å¤§æ²ä¼è­°ããéå¬å¹³æ  4å¹´ï¼1992ï¼ãå½éè±ç«ã³ã³ããã£ã·ã§ã³ããéå¬å¹³æ  8å¹´ï¼1996ï¼ãã³ã¬ãªã¼å»ºå½1100å¹´ç¥­ã§ãå¤§æ²ã®è±ç«ãæã¡ä¸ãå¹³æ12å¹´ï¼2000ï¼åé£ç·çå¤§è£è³ä¾ä¸å¹³æ14å¹´ï¼2002ï¼éå½ã§ã®ãå¤§æ²ã®è±ç«ãæã¡ä¸ãå¹³æ22å¹´ï¼2010ï¼ãå¤§æ²ã®è±ç«ã100å¹´è¨å¿µå¤§ä¼éå¬å¹³æ27å¹´ï¼2015ï¼ãå¤§æ²ã®è±ç«ï¼ç§ã®ç« ï¼ããéå§å¹³æ28å¹´ï¼2016ï¼ãå¤§æ²ã®è±ç«ï¼å¬ã®ç« ï¼ï¼æ°ä½è±ç«ã³ã¬ã¯ã·ã§ã³ï¼ããéå§å¹³æ28å¹´ï¼2016ï¼ãå¤§æ²ã®è±ç«ï¼æ¥ã®ç« ï¼ããéå§å¹³æ29å¹´ï¼2017ï¼ç¬¬ï¼ï¼åå½éè±ç«ã·ã³ãã¸ã¦ã ãéå¬ä»¤å2å¹´ï¼2020ï¼å¤§æ²ã®è±ç«æ²ç« ãå¶å®ä»¤å6å¹´ï¼2024ï¼ã¢ã³ããªãªã¼ã«å½éè±ç«ç«¶æå¤§ä¼ã¸åºåãéè³ã¨ç¹å¥è³ãåè³ãå¤§æ²ã®è±ç«ãã¯ãï¼ï¼ï¼ï¼å¹´ï¼ææ²»ï¼ï¼å¹´ï¼ã«è,https://www.oomagari-hanabi.com/hanabi.html,
doc_1_2,«è¨ªç¥ç¤¾ã®ç¥­å¸ã®ä½èã¨ãã¦éå¬ããããå¥¥ç¾½å­ççç«å±é²ä¼ãããå§ã¾ããï¼ï¼ï¼å¹´ä»¥ä¸ã®æ­´å²ãèªãã¾ããï¼ï¼ï¼ï¼å¹´ï¼å¹³æï¼ï¼å¹´ï¼ã«ã¯ãåé£ç·çå¤§è£è³ãå¤è±ç«ã®é¨ã®æåªç§è³ã¨ãã¦å ãããä»ç¾å¨ã§ã¯ãçµæ¸ç£æ¥­å¤§è£è³ã»ä¸­å°ä¼æ¥­åºå®è³ã»æé¨ç§å­¦å¤§è£è³ã»è¦³ååºé·å®è³ãæä¸ããã¦ãããæ¥æ¬æé«å³°ã®è±ç«ç«¶æå¤§ä¼ã¨ãªãã¾ãããã¾ããå¤ã®å¨å½è±ç«ç«¶æå¤§ä¼ãæ ¸ã¨ããå­£ç¯ãã¨ã«ç°ãªããã¼ãã§è±ç«ã®é­åããå ªè½ãã¦ããã ãããããªè±ç«å¤§ä¼ãå±éãã¦ãã¾ããï¼æã«ã¯æ¥ã®ç« ãéå¬ãè¥æè±ç«ä½å®¶ã®æè¡ã»æ°ä½æ§ãªã©ãç«¶ãåããæ°ä½è±ç«ã³ã¬ã¯ã·ã§ã³ããä¸çã®å½éè²è±ããªè±ç«ã¨æ¥æ¬ã®ä¼çµ±æè¡ã®ç²ãæ¥µããè±ç«ãæã¡ä¸ãããä¸çã®è±ç«ãæ¥æ¬ã®è±ç«ãããã¼ãã«è±ç«ãä¸ãã¾ããï¼ï¼æã«ã¯ããç§ã®ç« ããéå¬ã,https://www.oomagari-hanabi.com/hanabi.html,
doc_1_3,å¤§ä»å¸ã®ç§ã®å¤ç©ºãè¯ãããé£¾ãè¸è¡çãªè±ç«ãæã¡ä¸ãããç§ã®ç« ã®ç®çã10å·ç100é£çºã®ãã£ãã¼ã¬è±ç«ã¯å§å·»ã§ããè¦³è¦§å¸­ãã±ããã®è³¼å¥|å¤§æ²ã®è±ç«ã«ã¤ãã¦|äº¤éã¢ã¯ã»ã¹|ä¼å ´æ¡åã»å¨è¾ºããã|å®¿æ³æå ±äº¤éè¦å¶å³ãã¦ã³ã­ã¼ã|æ³¨æäºé|å¤§æ²åå·¥ä¼è­°æå¤§æ²åå·¥ä¼è­°æãã014-0027ãç§ç°çå¤§ä»å¸å¤§æ²éçºï¼çªï¼ï¼å·    TEL:0187-88-8073Copyright © 2015 Omagari Enterpreneurs Group. All Rights Reserved.,https://www.oomagari-hanabi.com/hanabi.html,
doc_2_0,å¨å½è±ç«ç«¶æå¤§ä¼ãå¤§æ²ã®è±ç«ããªãã£ã·ã£ã«ãµã¤ãï½å¤§æ²åå·¥ä¼è­°æå¨å½è±ç«ç«¶æå¤§ä¼ | å¤§æ²ã®è±ç«è¦³è¦§å¸­ãã±ããã«ã¤ãã¦|å¤§æ²åå·¥ä¼è­°æ|æ³¨æäºé|å®¿æ³æå ±|äº¤éã¢ã¯ã»ã¹æå ±æå­ã®ãµã¤ãºï¼å°ä¸­å¤§è¦³è¦§å¸­ãã±ããæ¡åå¤§æ²ã®è±ç«ã«ã¤ãã¦äº¤éã¢ã¯ã»ã¹ä¼å ´æ¡åã»å¨è¾ºããããã¼ã> äº¤éã¢ã¯ã»ã¹äº¤éæå ±ãç®çå¥ã§æ¢ãâ¼å¤§æ²ã¾ã§ã®ä¸»è¦ã¢ã¯ã»ã¹è±ç«å¤§ä¼å½æ¥ããç§ç°èªåè»éãã¯æ¯å¹´æ¸æ»ãçºçãã¦ãã¾ããå¤§ä¼å½æ¥ã®äº¤éç¶æ³ã®å¿å¾å¨å½å±æã®è±ç«å¤§ä¼ï¼ãç¥ããªãã¨ãããªãè²ããªäºâå¤§æ²å°åã®éè·¯æ¦æ³âå¤§æ²å°åã¯å½éï¼ï¼å·ã¨å½éï¼ï¼ï¼å·ã®ï¼æ¬ã®ä¸»è¦å¹¹ç·éè·¯åã³ç§ç°èªåè»éãèµ°ã£ã¦ãã¾ããã¾ããå°åé«è¦æ ¼éè·¯ã§ããå¤§æ²è¥¿éè·¯ï¼å½é105å·ï¼ãå¨ç·ééãããã¨ã«ãããå¤§æ²ICï½ååICéãéè¡å¯è½ã¨ãªãã¾ããâå¤§æ,https://www.oomagari-hanabi.com/access.html,
doc_2_1,²å°åããç§ç°æ¹é¢ãè§é¤¨æ¹é¢ãªã©ï¼æ¹åã«åããå¹¹ç·éè·¯ãï¼ã«ã¼ããã¤ãããªãã®ã§ãå¤§æ²è±ç«å¤§ä¼åå¾ã¯ãæ¯å¹´èããæ¸æ»ãçºçãã¦ãã¾ããâå¤§æ²å°åï¼äººå£ç´ï¼ä¸äººï¼ã®è¡ã«ã¯ããã ãã®éè¦ãæºããéè·¯ãããªããä¾å¹´å¤ãã®æ¹ãè¨ªããå¤§æ²è±ç«å¤§ä¼ã§ã¯ãè±ç«å¤§ä¼å½æ¥ï½çµäºå¾ã®æãæ¹ã¾ã§å¸åã®åæã§æ¸æ»ãçºçãã¦ãã¾ããâè±ç«å¤§ä¼åã¯ãåå¾3æããå¤§ä¼éå§ã¾ã§æ¸æ»ãçºçãã¦ãã¾ãããâå¤§ä¼éå§åã¯éè·¯ãæ··ã¿åãæéãé¿ããæéã«ä½è£ãæã£ã¦ãè¶ãä¸ãããâè±ç«å¤§ä¼çµäºå¾ã¯ä¸æã«å¸°è·¯ã«å°±ãã®ã§ãå½é13å·ã105å·ã¨ãååï¼ï½ï¼æé ã¾ã§å¤§ããªæ¸æ»ãçºçãã¦ãã¾ãããâè¡ããå¸°ãã®ãã©ã¤ãã¼ã®èº«ä½çãªç²å´ãè² æãèããè»ä»¥å¤ã®ã¢ã¯ã»ã¹æ¹æ³ã«ã¤ãã¦ããæ¤è¨ãã ãããâä¼å ´å¨è¾ºã¸é§è»ããã,https://www.oomagari-hanabi.com/access.html,
doc_2_2,å ´åãå¤§ä¼çµäºå¾ã®éè¡è¦å¶ã«ãã24ï¼00ã¾ã§éå ´åºæ¥ã¾ããããâä¼å ´ããå°ãé¢ããé§è»å ´ã¸é§è»ãããã¨ã§ãæ©ããå¸°å®ãå¯è½ã¨ãªãã¾ããæ¹é¢å¥ã®å°ãé¢ããé§è»å©ç¨ããæ¤è¨ãã ããããè»ã§ãè¶ãã®æ¹ãâ»è©³ç´°ã¯æ±ºã¾ãæ¬¡ç¬¬æ²è¼ãããã¾ããã©ã¸ãªã»SNSã§äº¤éæå ±ããã§ãã¯ââ ã©ã¸ãªãFMã¯ãªã³ãã§ãã§ãã¯ ââãã£ã³ãã«ï¼ 87.3MHZâ»é§è»å ´ã®æºç©ºæå ±ãæ¸æ»æå ±ãªã©äº¤éæå ±ããç¥ãããã¾ãï¼FMã¯ãªã³ã¯å¨å½ã©ãã§ãè¦è´å¯è½ã§ãã>> å¬å¼ãµã¤ãã¯ãã¡ãââ X(æ§Twitterï¼ã§ãã§ãã¯ ââhttps://x.com/HanabiOmagariãå¤§æ²ã®è±ç«ãå®å¨é¨ä¼ã§ã¯ãªã¢ã«ã¿ã¤ã ã§é§è»å ´æå ±ï¼æºç©ºãæ··éãééï¼ã»æ¸æ»æå ±ãçºä¿¡ãããã¾ããJRï¼é»è»ï¼ã§ãè¶ãã®æ¹âãã¡ãããæå»è¡¨ããèª¿ã¹ãã ããæ¡æ·å¸­ãã±ããã®è³¼å¥|å¤§æ²ã®è±ç«ã«ã¤ãã¦|äº¤,https://www.oomagari-hanabi.com/access.html,
doc_2_3,éã¢ã¯ã»ã¹|ä¼å ´æ¡åã»å¨è¾ºããã|å®¿æ³æå ±äº¤éè¦å¶å³ãã¦ã³ã­ã¼ã|æ³¨æäºé|å¤§æ²åå·¥ä¼è­°æå¤§æ²åå·¥ä¼è­°æãã014-0027ãç§ç°çå¤§ä»å¸å¤§æ²éçºï¼çªï¼ï¼å·    TEL:0187-88-8073Copyright © 2022 Omagari Enterpreneurs Group. All Rights Reserved.,https://www.oomagari-hanabi.com/access.html,
doc_3_0,å¨å½è±ç«ç«¶æå¤§ä¼ãå¤§æ²ã®è±ç«ããªãã£ã·ã£ã«ãµã¤ãï½å¤§æ²åå·¥ä¼è­°æå¨å½è±ç«ç«¶æå¤§ä¼ | å¤§æ²ã®è±ç«è¦³è¦§å¸­ãã±ããã«ã¤ãã¦|å¤§æ²åå·¥ä¼è­°æ|æ³¨æäºé|å®¿æ³æå ±|äº¤éã¢ã¯ã»ã¹æå ±æå­ã®ãµã¤ãºï¼å°ä¸­å¤§è¦³è¦§å¸­ãã±ããæ¡åå¤§æ²ã®è±ç«ã«ã¤ãã¦äº¤éã¢ã¯ã»ã¹ä¼å ´æ¡åã»å¨è¾ºããããã¼ã> è¦³è¦§å¸­ãã±ããæ¡åè¦³è¦§å¸­ã«ã¤ãã¦æè¡æ¥­èè²©å£²åäººï¼ä¸è¬ï¼è²©å£²ç¬¬ï¼ï¼åå¨å½è±ç«ç«¶æå¤§ä¼ãææè¦³è¦§å¸­ã«ã¤ãã¦æè¡æ¥­èåãæ¡åâç³è¾¼æéï¼æï¼ï¼æ¥ï¼ç«ï¼ååï¼ï¼æ ï½ ï¼æï¼ï¼æ¥ï¼ç«ï¼åå¾ï¼æã¾ã§âç³è¾¼æ¹æ³ãç³è¾¼æ¦è¦ç¢ºèªã®ãããä¸è¨ãã©ã¼ã ããç³è¾¼ãã ããããããããâ»ç³è¾¼æéçµäºãããã¾ãããç³è¾¼æ¦è¦ã¯ãã¡ãããç¢ºèªãã ãããâ»Reception for Japanese travel agents onlyâ»ç³è¾¼æéçµäºå¾ã«æ°è¦ã§ç³è¾¼å¸æã®å ´åã¯ãäºåå±ã«ãé£çµ¡ãã ã,https://www.oomagari-hanabi.com/ticket.html,
doc_3_1,"ãããTEL: 0187-88-8073 (åã»æ¥ã»ç¥æ¥ãé¤ã9æï½17æã¾ã§)âè¿½å ç³è¾¼æéï¼æï¼ï¼æ¥ï¼éï¼ååï¼ï¼æ ï½ ï¼æï¼ï¼æ¥ï¼æ°´ï¼åå¾ï¼æã¾ã§âè¿½å ç³è¾¼æ¹æ³ãåä»å®äºã¡ã¼ã«ãç¢ºèªããã¡ã¼ã«ã§ãç³ãè¾¼ã¿ãã ããããâ»è¿½å ç³è¾¼ã®ã¿åä»ãããã¾ããæ¸æ°ã»ã­ã£ã³ã»ã«ã¯åºæ¥ã¾ããã
ãâ»å¸­æ°ã«éãããããããå¸æã«æ²¿ããªãå ´åããããã¾ããâè²©å£²ç¨®é¡ï¼ä¾¡æ ¼ã¯ãã¹ã¦ç¨è¾¼ã§ãã)ããã©ãããã¢å¸­(å®å¡ï¼å) ããããããï¼ï¼ï¼ï¼ï¼ï¼åããã©ãã¯ã¹ãã¼ãã«å¸­(å®å¡ï¼å) ãããï¼ï¼ï¼ï¼ï¼ï¼åããã¼ãã«å¸­(å®å¡ï¼å) ããããããããï¼ï¼ï¼ï¼ï¼ï¼åãå ¤é²å¸­ï¼¢ï¼¯ï¼¸å¸­(å®å¡ï¼å)ããããã ãï¼ï¼ï¼ï¼ï¼ï¼åãã¬ã¸ã£ã¼ã·ã¼ãå¸­(å®å¡ï¼å) ãããããï¼ï¼ï¼ï¼ï¼ï¼åããã¢å¸­ï¼ãã³ãï¼(å®å¡ï¼å)ãããã ãï¼ï¼ï¼ï¼ï¼ï¼åãã¤ã¹å¸­(å®",https://www.oomagari-hanabi.com/ticket.html,
doc_3_2,å¡ï¼å)ããã ããããããããï¼ï¼ï¼ï¼ï¼åãâ»è¦³è¦§å¸­ã¤ã¡ã¼ã¸ï¼åçä»ãï¼âäºç´ãã¹ã«ã¤ãã¦ãä»åãããã¹é§è»å ´ã®ç³ãè¾¼ã¿ã¯å®å¨åº¶åé¨äºåå±ï¼å¤§ä»å¸å½¹æçµæ¸ç£æ¥­é¨ ä¼æ¥­ç«å°æ¨é²èª²åï¼ã§è¡ãã¾ãããäºç´ãã¹é§è»å ´ã¯ãã¡ãï¼å¤é¨ãªã³ã¯ãå¤§ä»å¸ï¼ãããããããããããããããããããããããããè¦³è¦§å¸­ã«é¢ãããåãåããå¤§æ²åå·¥ä¼è­°æããå¤§æ²ã®è±ç«ãå®è¡å§å¡ä¼äºåå±ã014-0027ãç§ç°çå¤§ä»å¸å¤§æ²éçºï¼çªï¼ï¼å·TEL: 0187-88-8073 (åã»æ¥ã»ç¥æ¥ãé¤ã9æï½17æã¾ã§)E-mail: creative-fw@omagari-hanabi.comè¦³è¦§å¸­ãã±ããã®è³¼å¥|å¤§æ²ã®è±ç«ã«ã¤ãã¦|äº¤éã¢ã¯ã»ã¹|ä¼å ´æ¡åã»å¨è¾ºããã|å®¿æ³æå ±äº¤éè¦å¶å³ãã¦ã³ã­ã¼ã|æ³¨æäºé|å¤§æ²åå·¥ä¼è­°æå¤§æ²åå·¥ä¼è­°æãã014-0027ãç§ç°çå¤§ä»å¸å¤§æ²éçºï¼çªï¼ï¼å·    TEL:0187-88-8073Copyright ,https://www.oomagari-hanabi.com/ticket.html,
doc_3_3,© 2015 Omagari Enterpreneurs Group. All Rights Reserved.,https://www.oomagari-hanabi.com/ticket.html,
doc_4_0,泊まる | 土浦市観光協会Skip to contenttoggle navigationMENU土浦市のこと観る花の見どころ観光スポット歴史遊ぶ・体験モデルコースイベント食べる買う泊まる文字サイズ標準拡大English土浦市のこと観る花の見どころ観光スポット歴史遊ぶ・体験モデルコースイベント食べる買う泊まる泊まるトップ>泊まる印刷時に画像が表示されない場合があります。ページの最後までスクロールしてから印刷してください。土浦市観光協会会員の宿泊施設を紹介しています。土浦市内宿泊施設（土浦市観光協会会員）宿泊者向け自転車保管方法一覧(PDF)土浦駅西口（市役所、土浦まちかど蔵、亀城公園）ビジネス旅館土浦ホテルマロウド筑波ゑびすや旅館ビジネスホテルつくしベルズ イン・土浦ホテルルートイン土浦星野リゾート　BEB5土浦土浦駅東口（霞ヶ浦、土浦港、川口運動公園）湖北ホテルホテル明建ホテルグローバルビュー土浦ホテルクラウンヒルズ土浦駅東東横イン土浦駅東口ホテルフィットビジネスホテル　トキワザ・セレクトン土浦駅前観る観光スポット花の見どころ歴史食べる遊ぶ・体験イベント買う泊まるホテル・旅館マップモデルコースアクセスお知らせ土浦市レンタサイクルのご案内ブログ土浦の写真コンテストまちかど蔵土浦まち歩き学認定試験土浦市観光ボランティアガイド協会土浦市観光ガイドマップ各種パンフレットダウンロード土浦満喫倶楽部通信プライバシーポリシーリンク集お問い合わせ© Tsuchiura City Tourism Association.,https://www.tsuchiura-kankou.jp/tomaru/,
doc_5_0,è©³ç´°æå ± | åæµ¦å¨å½è±ç«ç«¶æå¤§ä¼å®è¡å§å¡ä¼å¬å¼ãã¼ã ãã¼ã¸åæµ¦å¸å¨å½è±ç«ç«¶æå¤§ä¼å¬å¼ãµã¤ãæ¬æã¸ç§»åããMultilingualEnglishç¹é«ä¸­æEspaÃ±olPortuguÃªsíêµ­ì´à¹à¸à¸¢bahasa IndonesiaTiáº¿ng Viá»tæ¼ç®ãç¥ããå¤§ä¼æ¦è¦äº¤éã¢ã¯ã»ã¹è±ç«ä¼å ´è¦³è¦§æã®ãé¡ãææè¦³è¦§å¸­è²©å£²ããããè³ªåå¤§ä¼å¬å¼åç»è¦³åæå ±ãã¼ãå¤§ä¼æ¦è¦è©³ç´°æå ±å¤§ä¼æ¦è¦è©³ç´°æå ±1ãç®çãå¨å½çç«æ¥­èã®åºåã«ããè±ç«ç«¶æå¤§ä¼ãéå¬ããåºãè¦³å®¢ã®è¦³è³ã«ä¾ããã¨ã¨ãã«çç«æ¥­èã®æè¡ã®åä¸ãå³ããä½µãã¦æ¬å¸è¦³åäºæ¥­åã³åå·¥æ¥­ã®çºå±ã«å¯ä¸ããã2ãåç§°ãç¬¬94ååæµ¦å¨å½è±ç«ç«¶æå¤§ä¼3ãä¸»å¬ãåæµ¦å¨å½è±ç«ç«¶æå¤§ä¼å®è¡å§å¡ä¼4ãå¾æ´ï¼äºå®ï¼ãçµæ¸ç£æ¥­çãä¸­å°ä¼æ¥­åºãè¨åçã(ä¸ç¤¾)è¨åçè¦³åç©ç£åä¼ãï¼å¬ç¤¾ï¼æ¥æ¬çç«åä¼ãæ±æ¥æ¬æå®¢ééï¼æ ªï¼æ°´æ¸æ¯ç¤¾ãï¼æ ªï¼,https://www.tsuchiura-hanabi.jp/page/page000010.html,
doc_5_1,è¨åæ°èç¤¾ãï¼æ ªï¼LuckyFMè¨åæ¾éãåæµ¦ååºè¡é£åä¼ã(ä¸è²¡)è¨åçäº¤éå®å¨åä¼ãåæµ¦å°åºäº¤éå®å¨åä¼5ãæ¥æãä»¤å7å¹´11æ1æ¥ï¼åææ¥ï¼åå¾5æ30åç«¶æéå§ãåå¾8æçµäºäºå®ï¼èå¤©ã®å ´åã¯8æ¥ï¼åææ¥ï¼ã«å»¶æï¼6ãå ´æãæ¡å·çï¼å­¦åå¤§æ©ä»è¿ï¼7ãç«¶æç¨®ç®ãï¼1ï¼ã¹ã¿ã¼ãã¤ã³ã®é¨ãï¼2ï¼10å·çã®é¨ãï¼3ï¼åµé è±ç«ã®é¨8ãä½èè±ç«ï¼äºå®ï¼ãï¼1ï¼ã¬ã¯ãã£ã¼è±ç«ãï¼2ï¼è±ç«å¸«ç»å ´ãï¼3ï¼åºåæ«ä»æè±ç«ãï¼4ï¼ã¯ã¤ãã¹ã¿ã¼ãã¤ã³ãåæµ¦è±ç«ã¥ããããï¼5ï¼ã¨ã³ãã£ã³ã°è±ç«ã¢ã³ã±ã¼ãåæµ¦å¨å½è±ç«ç«¶æå¤§ä¼å®è¡å§å¡ä¼ãã¼ã ãã¼ã¸ãããè¯ããµã¤ãã«ããããã«ãçãã¾ã®ãæè¦ã»ãææ³ããèãããã ããããªãããã®æ¬ããã®ãæè¦ã»ãææ³ã«ã¯è¿ä¿¡ã§ãã¾ããã®ã§ãäºæ¿ãã ãããQ.ãã®ãã¼ã¸ã¯ãå½¹ã«ç«ã¡ã¾ãããï¼é,https://www.tsuchiura-hanabi.jp/page/page000010.html,
doc_5_2,å¸¸ã«å½¹ã«ç«ã£ãå½¹ã«ç«ã£ãã©ã¡ãã¨ããããªãå½¹ã«ç«ããªãã£ããæè¦ã»ãææ³ç­ããããã¾ãããä¸è¨ããå¥åãéä¿¡ãã ããã2025å¹´5æ27æ¥å°å·ãããã©ã¤ãã·ã¼ããªã·ã¼é¢é£æå ±ãªã³ã¯éãµã¤ãããããã¼ã¸ã®åé ­ã¸åæµ¦å¨å½è±ç«ç«¶æå¤§ä¼åæµ¦å¸è¦³ååä¼åæµ¦å¨å½è±ç«ç«¶æå¤§ä¼å®è¡å§å¡ä¼ äºåå±åæµ¦å¸å½¹æåå·¥è¦³åèª²åTelï¼029-826-1111Follow UsTwitterFacebookInstagramYoutubeãã¼ããç¥ããè¦³è¦§æã®ãé¡ããã©ã¤ãã·ã¼ããªã·ã¼å¤§ä¼æ¦è¦ææè¦³è¦§å¸­è²©å£²é¢é£æå ±äº¤éã¢ã¯ã»ã¹ããããè³ªåãªã³ã¯éè±ç«ä¼å ´è¦³åæå ±ãµã¤ãããã© TSUCHIURA ALL JAPAN FIREWORKS COMPETITION.åè³ããã¼ã¹ãã¼ããã©ã³ç¨ãã¼ã¸ã§è¦ã,https://www.tsuchiura-hanabi.jp/page/page000010.html,
doc_6_0,æ­´å² | åæµ¦å¨å½è±ç«ç«¶æå¤§ä¼å®è¡å§å¡ä¼å¬å¼ãã¼ã ãã¼ã¸åæµ¦å¸å¨å½è±ç«ç«¶æå¤§ä¼å¬å¼ãµã¤ãæ¬æã¸ç§»åããMultilingualEnglishç¹é«ä¸­æEspaÃ±olPortuguÃªsíêµ­ì´à¹à¸à¸¢bahasa IndonesiaTiáº¿ng Viá»tæ¼ç®ãç¥ããå¤§ä¼æ¦è¦äº¤éã¢ã¯ã»ã¹è±ç«ä¼å ´è¦³è¦§æã®ãé¡ãææè¦³è¦§å¸­è²©å£²ããããè³ªåå¤§ä¼å¬å¼åç»è¦³åæå ±ãã¼ãå¤§ä¼æ¦è¦è±ç«è±ç¥è­æ­´å²å¤§ä¼æ¦è¦æ­´å²åæµ¦å¨å½è±ç«ç«¶æå¤§ä¼ã¯ãå¤§æ­£14å¹´ãåæµ¦å¸æäº¬çºã«ããç¥é¾å¯ºã®24ä»£ä½è·ã§ãã£ãæç§åæ¢å³¯å¸«ããéã¶æµ¦æµ·è»èªç©ºéã¨è¦ªäº¤ãæ·±ãã£ãï¼å¤§æ­£13å¹´3æãã14å¹´12æé ã¾ã§å±±æ¬äºåå­åå¸¥ãç¥é¾å¯ºã«ä¸å®¿ãã¦ãã¦ãç¾å¨ãæ°æ½çé·å²¡å¸ã«ããäºåå­åãå½åã¯ç¥é¾å¯ºã«ãã£ãï¼ãã¨ãªã©ããèªç©ºéæ®è·èã®æ°éã¨é¢æ±å¤§éç½å¾ã®ä¸æ³ã§ç²å¼ããåæµ¦ã®çµæ¸ãæ´»æ§åããã¨ããè¶£æ¨ã§ãç§è²¡ãæãéã¶æµ¦æ¹çã§é,https://www.tsuchiura-hanabi.jp/page/page000012.html,
doc_6_1,å¬ããã®ãå§ã¾ãã§ããããã¦ããã®è±ç«å¤§ä¼ãä¸æ³ã«ãããååºè¡ã«å¥½æ³ãããããããã¨ãããå°åã®åæ¥­èã®ååãå¾ãããããã«ãªããä»¥æ¥ãåæµ¦ãããã¦ã®è¡äºã¨ãã¦å¹´ãçå¤§ã«éå¬ããããã«ãªãã¾ãããåæµ¦ã®è±ç«ã®ç¹å¾´ã®ä¸ã¤ã¨ãã¦ç§ã«éå¬ãã¦ãããã¨ãããããã¾ãããããã¯å®ãã®ç§ãç¥ããè¾²æ°ã®å¤å´ãæ°ããã¨ããæå³ãããã¾ãããè±ç«ç«¶æå¤§ä¼åæã®è¨å¿µåçï¼ä¸­å¤®ååãç§åæ¢å³¯å¸«ï¼éä¸­ãç¬¬äºæ¬¡ä¸çå¤§æ¦ã«ããä¸­æ­ãããã¾ããããæ¦å¾ãã¡æ©ãå¾©æ´»ããæ­å21å¹´9æã«ç¬¬14åå¤§ä¼ã¨ãã¦åéãã¾ãããå¤§ä¼ã¯ãå°ºçï¼10å·çï¼ãä¸­å¿ã«2æ¥éã«ããã£ã¦éå¬ãã¦ãã¾ããããå¤©åã«ããå¯©æ»ã¸ã®å½±é¿ç­ããããæ­å34å¹´ããç¾å¨ã¨åã1æ¥éã®éå¬ã«å¤æ´ãã¾ãããæä¸å ´æãä½åº¦ãç§»è»¢ãã¦ãããéã¶æµ¦æ¹ç,https://www.tsuchiura-hanabi.jp/page/page000012.html,
doc_6_2,ãæ¡å·åæ©ä»è¿ã§æã¡ä¸ãããã¨ãããã¾ããããæ­å46å¹´ï¼ç¬¬40åï¼ããç¾å¨ã®æ¡å·çå¤§æ²ä»è¿ã§éå¬ãã¦ãã¾ããç«¶æã®ä¸­ã§ããã¹ã¿ã¼ãã¤ã³ã®æ­´å²ã¯åæµ¦ã®è±ç«ã®æ­´å²ã¨ãè¨ãã¾ããã¹ã¿ã¼ãã¤ã³ã¯ãããããéå°é£çºã®ãã¨ãè¨ããæ°ç¾çºã®è±ç«ãçµ¶å¦ãªã¿ã¤ãã³ã°ã¨å¤å½©ãªå¤åã§ç§ã®å¤ç©ºãå½©ãåæ¯ã¯å§å·»ã§ããä»ã§ããåå°ã®è±ç«å¤§ä¼ã§ãã£ãã¼ã¬ãé£¾ããã¨ãå¤ãã¹ã¿ã¼ãã¤ã³ã§ãããä»¥åã¯ä»æè±ç«ã®è£æã¡ã¨ãã¦ããæ±ããã¾ããã§ãããåæµ¦ã§ã¯ãæ­å34å¹´ï¼ç¬¬28åï¼ã«ãéå°é£çºã®é¨ããç«¶æé¨éã®ã²ã¨ã¤ã¨ãã¦ç¬ç«ããã¾ãããï¼æ­å57å¹´ï¼ç¬¬51åï¼ãããã¹ã¿ã¼ãã¤ã³ã®é¨ãã¸åç§°å¤æ´ï¼ç«¶æé¨éã¨ãã¦ç¬ç«ä»¥æ¥ãè±ç«å¸«ã®èªãã¨åèªããããç¾çãªç«¶äºãç¹°ãåºãããããã¹ã¿ã¼ãã¤ã³ã®é¨ãã¯åæµ¦ã®è±ç«ãä»£è¡¨ã,https://www.tsuchiura-hanabi.jp/page/page000012.html,
doc_6_3,ãéè¦ãªé¨éã«æé·ãã¾ãããåæµ¦ã®è±ç«å¤§ä¼ã¯ããã¹ã¿ã¼ãã¤ã³æ¥æ¬ä¸ããæ±ºããå¤§ä¼ã¨ãè¨ããã¦ãã¾ããè±ç«å¸«ãã¡ã¯ãå¤ãã®æéã¨å´åãæ³¨ãè¾¼ã¿ãæ°ç¾çºã®å¤ç¨®å¤æ§ãªè±ç«ãçµã¿åãããåæµ¦ä»æ§ã®ã¹ãã·ã£ã«ã¹ã¿ã¼ãã¤ã³ãæã¡è¾¼ãã§ãã¾ãããã³ãè¯ãçµ¶å¦ãªã¿ã¤ãã³ã°ã§æã¡ä¸ããç²¾é­è¾¼ãã¦ä½ãããè²ã¨ãã©ãã®è±ç«ã®è¿«åã¯å§å·»ã§ãè¦³ãäººã®å¿ãã¨ããã¦é¢ãã¾ãããç¾å¨ã¯ãã¹ã¿ã¼ãã¤ã³ã®é¨ã®åªåèã«çµæ¸ç£æ¥­å¤§è£è³ã10å·çã®é¨ã®åªåèã«ä¸­å°ä¼æ¥­åºé·å®è³ãåµé è±ç«ã®é¨ã®åªåèã«è¨åçç¥äºè³ãããããæä¸ããã¦ããããããã®è³ãåããã¨ãè±ç«å¸«ã«ã¨ã£ã¦æé«ã®æ èªã¨ãªã£ã¦ãã¾ããããã«ãå¹³æ12å¹´ããã¯ã3é¨éã®åªåèã®ä¸­ããçç«æè¡ã®åä¸ã«è²¢ç®ããè¦³ãäººã«æåãä¸ããã¨èªããããæãåªç,https://www.tsuchiura-hanabi.jp/page/page000012.html,
doc_6_4,§ãªè±ç«å¸«ã«åé£ç·çå¤§è£è³ãæä¸ãããããã«ãªãã¾ããããããã¯ãæ°ããè±ç«å¤§ä¼ã®ä¸­ã§ãåæµ¦ã¨å¤§æ²ã®è±ç«å¤§ä¼ã ãã«æä¸ãããè³ã§ãå¨å½ã®è±ç«å¸«ãã¡ã®ç®æ¨ã¨ãªã£ã¦ãã¾ããã¢ã³ã±ã¼ãåæµ¦å¨å½è±ç«ç«¶æå¤§ä¼å®è¡å§å¡ä¼ãã¼ã ãã¼ã¸ãããè¯ããµã¤ãã«ããããã«ãçãã¾ã®ãæè¦ã»ãææ³ããèãããã ããããªãããã®æ¬ããã®ãæè¦ã»ãææ³ã«ã¯è¿ä¿¡ã§ãã¾ããã®ã§ãäºæ¿ãã ãããQ.ãã®ãã¼ã¸ã¯ãå½¹ã«ç«ã¡ã¾ãããï¼éå¸¸ã«å½¹ã«ç«ã£ãå½¹ã«ç«ã£ãã©ã¡ãã¨ããããªãå½¹ã«ç«ããªãã£ããæè¦ã»ãææ³ç­ããããã¾ãããä¸è¨ããå¥åãéä¿¡ãã ããã2022å¹´3æ2æ¥å°å·ãããã©ã¤ãã·ã¼ããªã·ã¼é¢é£æå ±ãªã³ã¯éãµã¤ãããããã¼ã¸ã®åé ­ã¸åæµ¦å¨å½è±ç«ç«¶æå¤§ä¼åæµ¦å¸è¦³ååä¼åæµ¦å¨å½è±ç«ç«¶æå¤§ä¼å®è¡å§å¡ä¼ äºåå±å,https://www.tsuchiura-hanabi.jp/page/page000012.html,
doc_6_5,æµ¦å¸å½¹æåå·¥è¦³åèª²åTelï¼029-826-1111Follow UsTwitterFacebookInstagramYoutubeãã¼ããç¥ããè¦³è¦§æã®ãé¡ããã©ã¤ãã·ã¼ããªã·ã¼å¤§ä¼æ¦è¦ææè¦³è¦§å¸­è²©å£²é¢é£æå ±äº¤éã¢ã¯ã»ã¹ããããè³ªåãªã³ã¯éè±ç«ä¼å ´è¦³åæå ±ãµã¤ãããã© TSUCHIURA ALL JAPAN FIREWORKS COMPETITION.åè³ããã¼ã¹ãã¼ããã©ã³ç¨ãã¼ã¸ã§è¦ã,https://www.tsuchiura-hanabi.jp/page/page000012.html,
doc_7_0,è±ç«ã«ã¤ãã¦ | åæµ¦å¨å½è±ç«ç«¶æå¤§ä¼å®è¡å§å¡ä¼å¬å¼ãã¼ã ãã¼ã¸åæµ¦å¸å¨å½è±ç«ç«¶æå¤§ä¼å¬å¼ãµã¤ãæ¬æã¸ç§»åããMultilingualEnglishç¹é«ä¸­æEspaÃ±olPortuguÃªsíêµ­ì´à¹à¸à¸¢bahasa IndonesiaTiáº¿ng Viá»tæ¼ç®ãç¥ããå¤§ä¼æ¦è¦äº¤éã¢ã¯ã»ã¹è±ç«ä¼å ´è¦³è¦§æã®ãé¡ãææè¦³è¦§å¸­è²©å£²ããããè³ªåå¤§ä¼å¬å¼åç»è¦³åæå ±ãã¼ãå¤§ä¼æ¦è¦è±ç«è±ç¥è­è±ç«ã«ã¤ãã¦å¤§ä¼æ¦è¦è±ç«ã«ã¤ãã¦ã¹ã¿ã¼ãã¤ã³åæµ¦ã®ã¹ã¿ã¼ãã¤ã³ã¯ã22å°æã¡ä¸ãã¦ãã¾ãããå¹40mã®åºç»ã«åè±ç«å¸«ãå·¥å¤«ãåãããéç½®ã§ç­ãä¸¦ã¹ã¦æã¡ä¸ãã¾ããä»¥åã¯ãªãºã ãã¨ããªããæåã§ç¹ç«ãã¦ãã¾ããããç¾å¨ã¯ãã³ã³ãã¥ã¼ã¿å¶å¾¡ã«ããèªåç¹ç«ãä¸»æµã«ãªã£ã¦ãã¾ããæã¡ä¸ããè±ç«çã®å¤§ããã¯2.5å·çä»¥ä¸4å·çä»¥ä¸ã§ãä½¿ç¨ããç­ã®æ°ã¨çã®æ°ã¯è¦å®ã§æ±ºãããã¦ãã¾ãã10å·çæ¥æ¬ã,https://www.tsuchiura-hanabi.jp/page/page000014.html,
doc_7_1,ä»£è¡¨ããè±ç«ã¯ãå²ç©ã¨ãããã¦ãã¾ããããã®ä¸­ã§ã10å·çã¯ãåå°ã®ç«¶æä¼ã«ããã¦å¤ãããæãç«¶ãåããå¹´ãæè¡ãé²æ­©ãã¦ãã¦ãã¾ããå²ç©ã¯ãçç®ã®åå´ã«æãåä¸ã«ä¸¦ã¹ã¦ããå²è¬ãè©°ããããã«æãä¸¦ã¹ãªããçåã«åã£ãçã«ãã¦ããã¾ããç´å¾30cmã®çã330mä¸ç©ºã¾ã§æã¡ä¸ããç´å¾300mã®å¤§è¼ªãå²ããã¾ããåµé è±ç«æ±ºã¾ã£ãåã«ã¨ããããæ¬æ°ãªã¢ã¤ãã¢ãç«¶ãåµé è±ç«ã§ã¯ã5å·çã7çºæã¡ä¸ãã¾ããæ°å­ãã¢ã«ãã¡ããããã­ã£ã©ã¯ã¿ã¼ãªã©ãã¾ãã¾ãªæ¨¡æ§ãå¤ç©ºã«æµ®ãã³ãè¦³ãäººãæ²¸ããã¾ããä½åãçç¶ã§ã¯ãªãè±ç«ããããããéããã¨ãã®åãã«ãã£ã¦ã¯è¦ãã¥ãããã¨ãããã¾ããã¢ã³ã±ã¼ãåæµ¦å¨å½è±ç«ç«¶æå¤§ä¼å®è¡å§å¡ä¼ãã¼ã ãã¼ã¸ãããè¯ããµã¤ãã«ããããã«ãçãã¾ã®ãæè¦ã»ãææ³ããèã,https://www.tsuchiura-hanabi.jp/page/page000014.html,
doc_7_2,ããã ããããªãããã®æ¬ããã®ãæè¦ã»ãææ³ã«ã¯è¿ä¿¡ã§ãã¾ããã®ã§ãäºæ¿ãã ãããQ.ãã®ãã¼ã¸ã¯ãå½¹ã«ç«ã¡ã¾ãããï¼éå¸¸ã«å½¹ã«ç«ã£ãå½¹ã«ç«ã£ãã©ã¡ãã¨ããããªãå½¹ã«ç«ããªãã£ããæè¦ã»ãææ³ç­ããããã¾ãããä¸è¨ããå¥åãéä¿¡ãã ããã2022å¹´3æ2æ¥å°å·ãããã©ã¤ãã·ã¼ããªã·ã¼é¢é£æå ±ãªã³ã¯éãµã¤ãããããã¼ã¸ã®åé ­ã¸åæµ¦å¨å½è±ç«ç«¶æå¤§ä¼åæµ¦å¸è¦³ååä¼åæµ¦å¨å½è±ç«ç«¶æå¤§ä¼å®è¡å§å¡ä¼ äºåå±åæµ¦å¸å½¹æåå·¥è¦³åèª²åTelï¼029-826-1111Follow UsTwitterFacebookInstagramYoutubeãã¼ããç¥ããè¦³è¦§æã®ãé¡ããã©ã¤ãã·ã¼ããªã·ã¼å¤§ä¼æ¦è¦ææè¦³è¦§å¸­è²©å£²é¢é£æå ±äº¤éã¢ã¯ã»ã¹ããããè³ªåãªã³ã¯éè±ç«ä¼å ´è¦³åæå ±ãµã¤ãããã© TSUCHIURA ALL JAPAN FIREWORKS COMPETITION.åè³ããã¼ã¹ãã¼ããã©ã³ç¨ãã¼ã¸ã§è¦ã,https://www.tsuchiura-hanabi.jp/page/page000014.html,
doc_8_0,æ¥½ãã¿æ¹ | åæµ¦å¨å½è±ç«ç«¶æå¤§ä¼å®è¡å§å¡ä¼å¬å¼ãã¼ã ãã¼ã¸åæµ¦å¸å¨å½è±ç«ç«¶æå¤§ä¼å¬å¼ãµã¤ãæ¬æã¸ç§»åããMultilingualEnglishç¹é«ä¸­æEspaÃ±olPortuguÃªsíêµ­ì´à¹à¸à¸¢bahasa IndonesiaTiáº¿ng Viá»tæ¼ç®ãç¥ããå¤§ä¼æ¦è¦äº¤éã¢ã¯ã»ã¹è±ç«ä¼å ´è¦³è¦§æã®ãé¡ãææè¦³è¦§å¸­è²©å£²ããããè³ªåå¤§ä¼å¬å¼åç»è¦³åæå ±ãã¼ãå¤§ä¼æ¦è¦è±ç«è±ç¥è­æ¥½ãã¿æ¹å¤§ä¼æ¦è¦æ¥½ãã¿æ¹è±ç«çã®å¤§ããåæµ¦ã§æã¡ä¸ããè±ç«çã®å¤§ããã¯ã2.5å·çï¼ç´å¾7.5cmï¼ãã10å·çï¼ç´å¾30cmï¼ã¾ã§ããã¾ããè±ç«çã¯ãå¤§ããã«ãã£ã¦3å·ã4å·…ãªã©ãå·æ°ãã§å¼ã°ãã¦ãã¾ããå¤§ããè±ç«çã¯ããå°ºãï¼10å·çã¯ä¸å°ºï¼ä¸å°º=ç´30cmï¼ï¼ã¨ããåä½ã§å¼ã¶ãã¨ãããã¾ããè±ç«çãå¤§ãããªãã°ãªãã»ã©ãä¸ç©ºã§è±ç«ãéããã¨ãã®ç´å¾ãå¤§ãããªãã¾ãã2.5å·çã§ç´50mã10å·çã§ã¯ç´300mã«ãã,https://www.tsuchiura-hanabi.jp/page/page000015.html,
doc_8_1,ªãã¾ãããã®ãããçãå¤§ããã»ã©åºãæä¸å ´æãå¿è¦ã«ãªããããé«ãæã¡ä¸ããªããã°ãªãã¾ãããã¡ãªã¿ã«ãä¸çä¸å¤§ããªè±ç«çã¯ãæ°æ½çã®çè²ã¾ã¤ãã§æã¡ä¸ãããã40å·çï¼åå°ºçï¼ã§ãç´å¾1.2mãéãã¯400kgãè¶ãã¾ããä¸ç©ºã§è±ç«ãéãã¨ç´å¾700mä»¥ä¸ãã®å¤§è¼ªã®è±ãåºããã¾ãã[è±ç«çã®å¤§ããã¨é«ã]è±ç«çã®å¤§ããã«ããéãåçã®è±ç«çã¯ãåæµ¦ã®å¤§ä¼ã§æã¡ä¸ãããã¦ããè±ç«çã§ããå·¦ããã2.5å·çã3å·çã4å·çã5å·çã8å·çã10å·çã§ããå¤§ããã®éãããããããã¾ããæä¸è±ç«ã®ååè±ç«çã«ã¯ããçåãï¼ãããããï¼ã¨ããååãä»ãããã¦ãã¦ãå½¢ã»è²ã»å¤åãªã©ã®åå®¹ãè¡¨ãã¦ãã¾ããçåã¯å¤§ãã2ç¨®é¡ã«åããããè±ç«çãæã¡ä¸ãããã¦ä¸æããéãã¦ããå¤åãã¦ããæ§å­ãè¡¨ãã¦ãããã,https://www.tsuchiura-hanabi.jp/page/page000015.html,
doc_8_10,è¦ã»ãææ³ã«ã¯è¿ä¿¡ã§ãã¾ããã®ã§ãäºæ¿ãã ãããQ.ãã®ãã¼ã¸ã¯ãå½¹ã«ç«ã¡ã¾ãããï¼éå¸¸ã«å½¹ã«ç«ã£ãå½¹ã«ç«ã£ãã©ã¡ãã¨ããããªãå½¹ã«ç«ããªãã£ããæè¦ã»ãææ³ç­ããããã¾ãããä¸è¨ããå¥åãéä¿¡ãã ããã2022å¹´3æ2æ¥å°å·ãããã©ã¤ãã·ã¼ããªã·ã¼é¢é£æå ±ãªã³ã¯éãµã¤ãããããã¼ã¸ã®åé ­ã¸åæµ¦å¨å½è±ç«ç«¶æå¤§ä¼åæµ¦å¸è¦³ååä¼åæµ¦å¨å½è±ç«ç«¶æå¤§ä¼å®è¡å§å¡ä¼ äºåå±åæµ¦å¸å½¹æåå·¥è¦³åèª²åTelï¼029-826-1111Follow UsTwitterFacebookInstagramYoutubeãã¼ããç¥ããè¦³è¦§æã®ãé¡ããã©ã¤ãã·ã¼ããªã·ã¼å¤§ä¼æ¦è¦ææè¦³è¦§å¸­è²©å£²é¢é£æå ±äº¤éã¢ã¯ã»ã¹ããããè³ªåãªã³ã¯éè±ç«ä¼å ´è¦³åæå ±ãµã¤ãããã© TSUCHIURA ALL JAPAN FIREWORKS COMPETITION.åè³ããã¼ã¹ãã¼ããã©ã³ç¨ãã¼ã¸ã§è¦ã,https://www.tsuchiura-hanabi.jp/page/page000015.html,
doc_8_2,®ã¨è±ç«ãæã¡ä¸ããã¨ãã®ã¤ã¡ã¼ã¸ããã¤ãããã®ãããã¾ããä¾ï¼çåææ²å°:ææ²å°ã®ç¨®é¡ãè¡¨ãã¾ããå·¦å³ã«ç«è±ãæ£ãããªããä¸ããã®ãæåç ²ã§ããè¯:ã©ããªè¯ããè¡¨ãã¾ããããã§ã¯ãå«éè¯ã¨ããäºéã®è¯ãå¥ã£ã¦ãã¾ããè±ç«ã®ç¨®é¡:èãç¡ä¸¹ãªã©ã®ç¨®é¡ãè¡¨ãã¾ããç¨®é¡ã¯è¦ªæã«ãã£ã¦æ±ºã¾ãã¾ããåã®ç­ã®å¤å:è¯ãéãããã¨ã«å¤§è¼ªã®åã®ç­ãã©ããªå¤åãããããè¡¨ãã¾ããããã§ã¯ãåã®ç­ã®åãé¦ï¼é»éï¼ããç´è²ã«å¤åãã¾ããåã®å¤å:åã®åã®å¤åãè¡¨ãã¾ããããã§ã¯ãç´è²ã«å¤åããåã®åãç¹æ»ãã¾ããæä¸è±ç«ã®ç¨®é¡æä¸è±ç«ã«ã¯ãçã®æ§é ã«ãã£ã¦ãå²ç©ãã¨ããã«ç©ãã«åãããã¾ãããå²ç©ãã¯ãè±ç«çãç ´è£ããã¨ãã«ç«è¬çï¼æï¼ãçå½¢ã«é£ã³æ£ãè±ç«ã§ãä¸¸ãç¾ããå²ç©ã¯ãæ¥æ¬ãä»£è¡¨ã,https://www.tsuchiura-hanabi.jp/page/page000015.html,
doc_8_3,ãè±ç«ã§ããå²ç©ã«ã¯ãå¤§ããªè±ç«çã®ä¸­ã«ããã¤ãã®å°ããªè±ç«çãè©°ããçãå²ããã¨ãã«å°ããªè±ç«ãããããéããå°å²ç©ããããã¾ããããã«ç©ãã¯ãæå­ã©ããè±ç«çãä¸ç©ºã§ãã«ãã¨äºã¤ã«å²ããä¸­ã«è©°ããæãè½ã¡ã¦ããè±ç«ã§ãããã®ä¸­ã«ã¯ãä¸è¦åãªåãããããã®ãæã«è½ä¸åãä»ãã¦ç©ºãããã£ããè½ã¡ããããªãã®ãããã¾ããè±ç«ã«ã¯ãããããªç¨®é¡ããããç¨®é¡ãçè§£ããã¨ãã£ã¨æ¥½ããéè³ãããã¨ãã§ãã¾ããè[ãã]ï¼å²ç©ï¼è±ç«ã®ä¼çµ±æè¡ã®ç²ãéããè±ç«ã§ãã¹ã¼ãã¨æãå°¾ãå¼ããªããæ¾å°ç¶ã«é£ã³æ£ã£ã¦ãèè±ã®ç´ãæãåºãã¾ããè±ã³ãã®åã®è²ãå¤åããå ´åã«ã¯ãå¤åèã¨å¼ã³ã¾ããç¡ä¸¹[ã¼ãã]ï¼å²ç©ï¼èã¨åæ§ã«ä¸¸ãéãã¾ãããå°¾ãå¼ããåã®ç¹ãæããªããç¡ä¸¹ã®ãããªè±ãå²ã,https://www.tsuchiura-hanabi.jp/page/page000015.html,
doc_8_4,ãã¾ããã¹ãã­ãªã¨ããç¹ç´°ãªç¾ããããããèããåãé®®ããã«åºã¾ããä¸­ã§ãç«è¬ã«ãã°ãã·ã¦ã ãªã©ãä½¿ã£ãæããæããããªã¤ãã¨å¼ã³ã¾ããä¸è¯é¡[ã¾ããããã]ï¼å²ç©ï¼æãä¸æ¡ããã¤åç´ã«ãããã ãã®ããããã¤ãåæ£ããã¦çã«è©°ããè±ç«ã§ãããããã æãéãã¨åãè²ã®è±å¼ãã¾ã¨ã¾ã£ã¦éããè²ã®åã¨ãªã£ã¦ä¸è¯é¡ãã®ãããããã«è¦ãã¾ããå [ããã]ï¼å²ç©ï¼æãæ¯è¼çé·ãæéçããä¸¸ãåºãã£ã¦ããå¤§ããæµãè½ã¡ãå°é¢è¿ãã§æ¶ããè±ç«ã§ããããã£ã±é ­ã«ä¼¼ã¦ãããã¨ãããã®ååãä»ãã¾ãããæ³[ããªã]ï¼ãã«ç©ï¼è±ç«çãå²ããã¨ãä¸ç©ºããæ³ã®æãåãä¸ããããã«åãè½ã¡ã¦ããè±ç«ã§ããæè¿ã§ã¯å½©è²æ³ãªã©ãã¾ãã¾ãªè²ã®æ³ããããè½ã¡ã¦ããã¨ãã«è²ãå¤åãããã®ãããã¾ããé£éæ,https://www.tsuchiura-hanabi.jp/page/page000015.html,
doc_8_5,[ã²ãããã]ï¼ãã«ç©ï¼ç«è¬ãè©°ããç´ã®ç­ãªã©ããä¸ç©ºã§éããã¨ãã«ãåãä¸è¦åãªåããããè±ç«ã§ããè[ã¯ã¡]ï¼ãã«ç©ï¼è±ç«çãä¸ç©ºã§å²ããã¨ãã«ãç«è¬ãè©°ããç´ã®ç­ãªã©ãã·ã¥ã«ã·ã¥ã«ã¨åè»¢ããªããä¸è¦åã«é£ã³åãè±ç«ã§ãããã®åãã¯ãã¾ãã§èãé£ã³åã£ã¦ããããã«è¦ãã¾ããè±é·[ã¯ãªãã]ï¼ãã«ç©ï¼é·ã¯ããã³ãã³ã¨ããé³ãåºããªããå¼·ãåãåºãè±ç«ã§ããä¸­ã§ãåã¨ã¨ãã«ç«ã®ç²ãåºãè±ç«ããè±é·ãã¨å¼ã³ãããããã®é·ãä¸æã«éããã®ããä¸é·ãã¨ããã¾ããåè¼ª[ãããã]ï¼å°å²ç©ï¼è±ç«çãä¸ç©ºã§å²ããã¨ãã«ãä¸ç¬éãã¦ä¸­ã«è©°ããããã¤ãã®å°çãä¸æã«éãè±ç«ã§ãããã¾ãã¾ãªè²ã®èåã®å°çãä½¿ãã¨ãåè¼ªèãã«ãªãã¾ããåç©[ãããã®]ï¼å²ç©ï¼åã®ç¹ãç·ã§ããã¼ããç¬é¡ãè¶ã,https://www.tsuchiura-hanabi.jp/page/page000015.html,
doc_8_6,åæãªã©ãã¾ãã¾ãªå½¢ãæãè±ç«ã§ããåç©ã¯ä½åãçç¶ã§ã¯ãªãè±ç«ããããããéããã¨ãã®åãã«ãã£ã¦ã¯è¦ãã¥ãããã¨ãããã¾ããå¯©æ»ã®ãã¤ã³ãåæµ¦ã®å¤§ä¼ã§ã¯ããã¹ã¿ã¼ãã¤ã³ã®é¨ããã10å·çã®é¨ãããåµé è±ç«ã®é¨ãã®ä¸é¨éã§ç«¶æãè¡ããã¦ãã¾ããå¯©æ»ã«ããã¦ã¯ãä¸é¨éã¨ãä½åã¨çåãåã£ã¦ãããã¨ãæ±ããããä½ç©ºç ´è£ãæã®è½ä¸ãªã©ã¯æ¸ç¹ã®å¯¾è±¡ã«ãªãã¾ããã¹ã¿ã¼ãã¤ã³ã®é¨è²å½©ãé®®æåº¦ã®è¯ãã¯ãã¡ããã®ãã¨ãæã¡ä¸ãã®ãªãºã ã¨éãå¤§åã§ããä¸è¬çã«ã¯ãå°æ°å³ããå§ã¾ããæ¬¡ç¬¬ã«çãä¸ãã£ã¦æå¾ã¯ä¸æã«æã¡ä¸ããã¨ããæ§æãå¤ãè¦ããã¾ãããæè¿ã§ã¯ãéãã«ä½é»ãæ®ããªããçµãããããªä½åãããã¾ããã¾ããé³æ¥½ãä½¿ç¨ããã¨ãã¯ãæ²ã®ã¤ã¡ã¼ã¸ã¨æã¡ä¸ãã®ã¿ã¤ãã³ã°ãåã£ã,https://www.tsuchiura-hanabi.jp/page/page000015.html,
doc_8_7,¦ãããã¨ããã¤ã³ãã«ãªãã¾ãã10å·çã®é¨ä½åã¨çåãåã£ã¦ãããã¨ãèåè±ç«ã®å ´åã¯è¦ªæã»è¯æã¨ãã«æ­£åãæãã¦ãããã¨ãæã®éåãé®®æåº¦ãåªãã¦ãããã¨ãªã©ããã¤ã³ãã«ãªãã¾ããã¾ããé«åº¦ãªæè¡ãè¦ããå¤éè¯ï¼ä¸éè¯ä»¥ä¸ï¼ãè¯ãåºãå ´åãæ²å°ã®è¯ããã®ã¯è©ä¾¡ãä¸ããã¾ããåµé è±ç«ã®é¨æã¡ä¸ãã®ã¿ã¤ãã³ã°ãæã®éè²ã»é®®æåº¦ãå¤å½©ãªå¤åãæããããã¨ããã¤ã³ãã«ãªãã¾ããã¾ããåµä½æ§ãéè¦ã§ãç¬åµçãªã¢ã¤ãã¢ãæ°ããæè¡ã«å¯¾ãã¦é«ãè©ä¾¡ãä¸ãããã¾ããè¯ãè±ç«ã®æ¡ä»¶è±ç«å¸«ãã¡ã¯ãç¾ããè±ç«ãç®æãã¦è±ç«çãå¶ä½ããæã¡ä¸ããè¡ã£ã¦ãã¾ããããã§ã¯ãèãç¡ä¸¹ãªã©ã®å²ç©è±ç«ã«ã¤ãã¦è¯ãè±ç«ã®æ¡ä»¶ãç´¹ä»ãã¾ããåº§ï¼ããï¼ãè±ç«ã¯ãæã¡ä¸ããããçãæé«ç¹ã§éããã®ã,https://www.tsuchiura-hanabi.jp/page/page000015.html,
doc_8_8,"çæ³ã¨ããã¦ãã¾ããçãä¸æããä¸éã«å¤ããç¬éã«éãã¨æãä¸ä¸æ¹åã®åã«æµããããã¨ãªãä¸¸ãéãã¾ããããã“çã®åº§ããè¯ã""ã¨ããã¾ããçãä¸ãã£ã¦ããéä¸­ã§éãã¨æåã«ãè½ã¡ãªããéãã¨æãæµããããããªçå½¢ã«ãªãã¾ãããçï¼ã¼ãï¼è±ç«ãéãã¦ãæãä¸æã«é£ã³æ£ã£ã¦ä½ãå½¢ããçãã¨ããã¾ããå¤§ããã¦ããããªçåï¼çï¼ã§ãããã¨ãæé«ã¨ãããããããçãè¯ããã¨ããã¾ããéããå½¢ãããããªåã§ã¯ãªãããããã æ¥åã«è¦ãããããã³ã¤ãªå½¢ã«è¦ããããããã®ãçã®å¤§ããç¸å½ã®åºããããªããã®ã¯è¯ãããã¾ãããè©ï¼ããï¼è±ç«çããæãæ¾å°ç¶ã«é£ã¶ãã®ãæé«ã¨ããããè©ã®ã¯ããè¯ããã¨ããã¾ããæãåã§ãã©ãã©æ³³ãã ããäºå®å¤ã®ã¨ããã¸é£ãã ããç¹ç«ãããã«ãã®æã®ã",https://www.tsuchiura-hanabi.jp/page/page000015.html,
doc_8_9,ãã¹ãã¨ããããæãããæãæãããã£ã¦ãã¾ã°ãã«ãªã£ãããããã®ã¯è¯ãããã¾ãããæ¶ï¼ãï¼ãå£ï¼ãã¡ï¼è±ç«ã¯ãæã®æ¶ããã¿ã¤ãã³ã°ãç¾ããã«å¤§ããå½±é¿ãã¾ãããã¹ã¦ã®æãåæã«å¤åãã¦è²ãå¤ããåæã«çãå°½ãããã®ãçæ³ã§ããæã®çãå°½ããã¨ãããæ¶ãå£ãã¨ãããæ¾å°ç¶ã«é£ãã ç¡æ°ã®æãããã©ãã©ã«æ¶ããããããã¨ãªãä¸æã«ããã¨æ¶ãããã¨ã§è±ç«ãå¼ãç· ã¾ããããç¾ããå°è±¡ãä¸ãã¾ããããããæ¶ãå£ãæããã¨ããã¾ããã¾ããæãé£ãã§ããéã«è²ãå¤åããè±ç«ã§ã¯ããã®è²ãä¸æã«å¤ãããã®ãè¯ãè±ç«ã¨ããã¦ãã¾ããã¢ã³ã±ã¼ãåæµ¦å¨å½è±ç«ç«¶æå¤§ä¼å®è¡å§å¡ä¼ãã¼ã ãã¼ã¸ãããè¯ããµã¤ãã«ããããã«ãçãã¾ã®ãæè¦ã»ãææ³ããèãããã ããããªãããã®æ¬ããã®ãæ,https://www.tsuchiura-hanabi.jp/page/page000015.html,
